index,segment_id,x,y,yaw_deg,direction,speed,required_steering_deg,event
0,1,-0.237986,0.362481,11.846125,F,2.000000,0.080299,NONE
1,1,23.479685,5.337291,13.482223,F,2.000000,0.080299,NONE
2,2,28.839430,6.622293,-2.589048,F,0.000000,0.000000,STOP
3,2,29.215231,6.605300,-2.589048,F,0.000000,0.000000,STOP
4,3,33.535599,7.460111,11.408232,F,2.000000,0.015819,NONE
5,3,48.801395,10.540518,7.933282,F,2.000000,-0.227337,NONE
6,3,55.475048,11.470515,11.490267,F,2.000000,0.606348,NONE
7,3,57.262032,11.833765,40.872978,F,1.000000,17.044506,NONE
8,3,57.692665,12.206436,33.088084,F,2.000000,-4.322186,NONE
9,3,59.411255,13.326262,44.387888,F,2.000000,3.522892,NONE
10,3,61.282093,15.157547,80.468448,F,1.000000,10.378683,NONE
11,3,61.666012,17.444019,89.850202,F,2.000000,2.279960,NONE
12,3,61.675629,21.122334,91.873794,F,2.000000,0.351894,NONE
13,3,61.521393,25.836786,103.430467,F,2.000000,1.738542,NONE
14,3,60.367340,30.669592,128.357305,F,2.000000,4.684578,NONE
15,3,58.688438,32.791084,155.002443,F,2.000000,6.991537,NONE
16,3,56.167709,33.966389,175.394633,F,2.000000,5.501320,NONE
17,3,53.590603,34.173981,-174.434352,F,2.000000,1.177885,NONE
18,3,43.651623,33.205471,-138.437415,F,2.000000,4.422243,NONE
19,3,42.651138,32.318367,-104.528808,F,1.000000,16.349316,NONE
20,3,42.258617,30.803743,-85.664891,F,2.000000,5.782246,NONE
21,3,42.496986,27.659309,-83.133036,F,2.000000,0.399323,NONE
22,3,43.226612,21.600719,-95.464734,F,2.000000,-2.271167,NONE
23,3,43.055973,19.817059,-128.640187,F,1.000000,-12.788714,NONE
24,3,41.881676,18.348156,-155.614989,F,1.000000,-11.269100,NONE
25,3,40.482471,17.713890,-173.552963,F,2.000000,-4.593552,NONE
26,3,36.393463,17.251835,-178.533267,F,2.000000,-0.684654,NONE
27,3,29.894674,17.085434,158.105980,F,2.000000,-3.942320,NONE
28,3,28.013739,17.841337,143.919234,F,2.000000,-6.003979,NONE
29,3,26.881969,18.666056,118.630291,F,1.000000,-12.688531,NONE
30,3,26.192671,19.928730,112.216817,F,2.000000,-2.891022,NONE
31,3,25.513655,21.591213,97.306437,F,2.000000,-4.644593,NONE
32,3,25.149216,24.433571,95.351141,F,2.000000,-0.268897,NONE
33,4,24.426466,32.149689,97.957292,F,0.000000,0.000000,STOP
34,5,21.836224,50.680435,93.815304,F,2.000000,-0.185552,NONE
35,5,20.913155,64.521996,65.499888,F,2.000000,-2.411404,NONE
36,5,22.098511,67.123009,29.523783,F,2.000000,-9.177714,NONE
37,5,24.467739,68.464752,10.534986,F,2.000000,-5.433902,NONE
38,5,26.768528,68.892632,-1.543220,F,2.000000,-3.144075,NONE
39,5,30.018997,68.805061,-40.950258,F,1.000000,-12.216925,NONE
40,5,30.953817,67.993858,-61.677633,F,1.000000,-12.263792,NONE
41,5,31.513086,66.956154,-72.020571,F,2.000000,-5.141989,NONE
42,5,32.051914,65.295784,-86.821592,F,2.000000,-6.839975,NONE
43,5,32.128960,63.908344,-81.829877,F,2.000000,1.971234,NONE
44,5,32.456486,61.627045,-72.087092,F,2.000000,3.293277,NONE
45,5,33.073017,59.719696,-52.884230,F,2.000000,7.317864,NONE
46,5,34.151852,58.294037,-44.128776,F,2.000000,3.153590,NONE
47,5,35.772175,56.722256,-27.282130,F,2.000000,5.305737,NONE
48,5,37.859364,55.645802,-7.634605,F,2.000000,5.903979,NONE
49,5,40.306755,55.317745,6.376925,F,2.000000,4.955748,NONE
50,5,41.933426,55.499542,24.516077,F,2.000000,7.670590,NONE
51,5,43.553604,56.238449,39.351412,F,2.000000,5.363519,NONE
52,5,45.281185,57.655048,38.940778,F,2.000000,-0.139402,NONE
53,5,46.888508,58.953884,31.027296,F,2.000000,-2.530573,NONE
54,5,49.024338,60.238605,14.717321,F,2.000000,-5.304306,NONE
55,5,50.928040,60.738647,2.504494,F,2.000000,-3.750618,NONE
56,5,53.694641,60.859657,-26.552014,F,1.000000,-10.010469,NONE
57,5,54.915276,60.249687,-30.969209,F,2.000000,-2.099591,NONE
58,5,56.377121,59.372391,-50.551751,F,2.000000,-8.254610,NONE
59,5,57.468693,58.045769,-54.169506,F,2.000000,-1.453143,NONE
60,5,58.589985,56.492802,-74.207787,F,2.000000,-7.658460,NONE
61,5,59.096863,54.700603,-79.845768,F,2.000000,-2.460927,NONE
62,5,59.357590,53.244873,-86.484196,F,2.000000,-2.591772,NONE
63,5,59.495922,50.993351,-113.271615,F,2.000000,-7.897705,NONE
64,5,58.461025,48.587067,-134.842337,F,2.000000,-6.709223,NONE
65,5,57.033627,47.151791,-168.274985,F,1.000000,-12.056935,NONE
66,5,55.165661,46.764103,-173.062177,F,2.000000,-1.508834,NONE
67,5,52.463654,46.435314,-172.939210,F,2.000000,0.007013,NONE
68,6,29.760632,43.623280,-175.519176,F,0.000000,0.000000,STOP
69,7,13.567157,42.354279,151.498082,F,2.000000,-2.546637,NONE
70,7,11.894075,43.262760,127.006291,F,2.000000,-9.898314,NONE
71,7,10.903887,44.576485,104.123213,F,2.000000,-9.038298,NONE
72,7,10.416946,46.511757,93.800693,F,2.000000,-2.953233,NONE
73,7,10.211777,49.600170,92.813346,F,2.000000,-0.141232,NONE
74,7,9.862739,56.702866,92.150300,F,2.000000,-0.069682,NONE
75,8,9.608312,63.479012,-102.157395,F,0.000000,0.000000,STOP
76,9,8.992960,60.622616,-108.182355,F,2.000000,-1.754878,NONE
77,9,8.341866,58.640244,-111.331561,F,2.000000,-1.055393,NONE
78,9,7.516502,56.526737,-87.954066,F,2.000000,8.370536,NONE
79,9,7.578981,54.777775,-79.477639,F,2.000000,3.811380,NONE
80,9,7.850926,53.313683,-70.020223,F,2.000000,4.028783,NONE
81,9,8.509848,51.501320,-71.520613,F,2.000000,-0.638150,NONE
82,9,8.986567,50.074852,-73.855817,F,2.000000,-1.045456,NONE
83,9,9.474990,48.387554,-66.095739,F,2.000000,3.150108,NONE
84,9,10.218012,46.711166,-88.696355,F,2.000000,-7.398866,NONE
85,9,10.276484,44.141754,-109.154653,F,2.000000,-7.117206,NONE
86,9,9.758361,42.650108,-148.386737,F,1.000000,-17.045351,NONE
87,9,8.380269,41.801861,-164.530739,F,2.000000,-6.344499,NONE
88,9,6.386363,41.250053,-176.782769,F,2.000000,-3.428456,NONE
89,9,3.260041,41.074322,172.252382,F,2.000000,-2.101221,NONE
90,9,-1.170505,41.677105,150.537861,F,2.000000,-5.058793,NONE
91,9,-2.667641,42.522839,116.513180,F,1.000000,-13.847229,NONE
92,9,-3.447217,44.085526,100.701589,F,2.000000,-5.731158,NONE
93,9,-3.865925,46.301140,99.838876,F,2.000000,-0.179768,NONE
94,9,-4.677864,50.982822,99.333218,F,2.000000,-0.084229,NONE
95,9,-5.328755,54.943180,91.210804,F,2.000000,-0.687713,NONE
96,9,-5.607738,68.142815,70.126409,F,2.000000,-1.901567,NONE
97,9,-4.665707,70.748901,38.276468,F,2.000000,-9.201346,NONE
98,9,-2.960737,72.094269,9.706384,F,2.000000,-8.686776,NONE
99,9,-0.454178,72.523010,5.243352,F,2.000000,-0.805409,NONE
100,9,5.066549,73.029648,0.207419,F,2.000000,-0.476299,NONE
101,9,14.952731,73.065437,-50.157443,F,2.000000,-5.701252,NONE
102,9,16.229328,71.535530,-64.530893,F,2.000000,-4.604837,NONE
103,9,17.322617,69.240219,-83.678731,F,2.000000,-5.017549,NONE
104,9,17.651676,66.269745,-89.462300,F,2.000000,-1.679071,NONE
105,9,17.670788,64.233322,-86.145990,F,2.000000,0.292929,NONE
106,10,18.644459,49.780045,-84.066521,F,0.000000,0.000000,STOP
107,11,18.990959,46.446083,-79.380654,F,2.000000,0.958565,NONE
108,11,19.688013,42.728352,-53.271500,F,2.000000,5.928709,NONE
109,11,21.220480,40.674522,-30.685065,F,2.000000,6.399900,NONE
110,11,23.400930,39.380634,-6.102977,F,2.000000,6.821826,NONE
111,11,26.046415,39.097775,10.010632,F,2.000000,4.036243,NONE
112,11,29.137512,39.643410,6.057343,F,2.000000,-0.205283,NONE
113,11,53.959808,42.277458,3.720254,F,2.000000,-0.106134,NONE
114,11,61.128181,42.743561,17.137545,F,2.000000,2.006529,NONE
115,11,63.553123,43.491310,32.407180,F,2.000000,4.239963,NONE
116,11,65.828583,44.935760,67.317962,F,2.000000,8.276439,NONE
117,11,67.109955,48.001678,82.159396,F,2.000000,3.246823,NONE
118,11,67.563553,51.295662,90.561878,F,2.000000,0.855900,NONE
119,11,67.455849,62.278107,94.575317,F,2.000000,0.257969,NONE
120,11,66.520416,73.967430,100.681687,F,2.000000,0.592172,NONE
121,11,65.906120,77.224205,119.634331,F,2.000000,4.794935,NONE
122,11,64.711998,79.323311,161.642859,F,1.000000,13.636216,NONE
123,11,62.913685,79.920036,172.119517,F,2.000000,3.615048,NONE
124,11,60.610882,80.238777,176.429669,F,2.000000,1.165471,NONE
125,11,57.544319,80.430115,-177.030454,F,2.000000,0.155315,NONE
126,11,-0.666953,77.410416,-171.457264,F,2.000000,0.133457,NONE
127,11,-3.234200,77.024780,-160.099247,F,2.000000,3.360121,NONE
128,11,-5.420636,76.233269,-131.018183,F,2.000000,9.730634,NONE
129,11,-6.699560,74.762978,-114.036723,F,2.000000,6.182533,NONE
130,11,-7.526940,72.907852,-95.765717,F,2.000000,5.308072,NONE
131,11,-7.823944,69.966400,-91.335516,F,2.000000,0.918828,NONE
132,11,-7.919051,65.886894,-86.838565,F,2.000000,0.228139,NONE
133,11,-6.558007,41.245262,-75.662160,F,2.000000,0.597580,NONE
134,11,-5.939888,38.826958,-33.783212,F,1.000000,11.795462,NONE
135,11,-3.861075,37.436195,-4.450581,F,2.000000,7.356135,NONE
136,11,-0.648323,37.186134,-2.553680,F,2.000000,0.315942,NONE
137,11,4.888933,36.939175,4.951411,F,2.000000,1.017408,NONE
138,11,10.087775,37.389572,3.467338,F,2.000000,-0.204074,NONE
139,11,15.476601,37.716084,-20.515480,F,2.000000,-4.388517,NONE
140,11,17.801308,36.846195,-48.930001,F,2.000000,-7.984405,NONE
141,11,19.527262,34.865604,-74.619895,F,2.000000,-6.798385,NONE
142,11,20.274658,32.148514,-93.167990,F,2.000000,-4.567527,NONE
143,11,20.104870,29.080877,-126.736439,F,2.000000,-8.603172,NONE
144,11,18.610540,27.078739,-155.883042,F,2.000000,-7.719011,NONE
145,11,15.944349,25.885147,-169.880839,F,2.000000,-0.760673,NONE
146,11,-7.441018,21.711510,-169.880839,F,2.000000,-0.760673,NONE
